ID,First Name,Last Name,Gender,Country,Phone No.,Currency,DOB,Salary,Blood Group,Email,Company,Dept,Designation
1,Jack,Washington,Male,ES,+1-218-410-0858,USD,1986-04-30,14000,B+,poetryuni@live.com,Insight Dynamics,Public Relations,VP of PR
2,Jonathan,Alexander,Male,CN,+1-854-065-2310,USD,1983-11-18,20000,O+,xsilk@gmail.com,Stellar Group,Health and Safety,VP of Health and Safety
3,Larry,Lee,Male,JP,+1-266-416-4210,USD,1993-12-16,14000,A+,1996xoxo@outlook.com,Quantum Solutions,Operations,Sr. Operations Manager
4,Albert,Rodriguez,Male,KR,+1-769-660-2629,USD,1994-04-24,10000,B-,rockpoetry@hotmail.com,Synergy Systems,Customer Service,Customer Service Coordinator
5,Jerry,Cook,Male,US,+1-294-223-5507,USD,2006-12-03,13000,O+,lovework@hotmail.com,Luminous Enterprises,Supply Chain,Supply Chain Manager
6,Fannie,Myers,Female,BR,+1-675-110-1273,USD,1993-06-03,12000,AB-,glasswall1010@yahoo.com,Elite Machineries,Procurement,Procurement Specialist
7,Antonio,Lopez,Male,MX,+1-750-319-5369,USD,1995-08-04,19000,A-,80sxoxo@live.com,Efficiency Industries,Business Development,Business Development Representative
8,Carlos,Stewart,Male,AU,+1-356-226-6452,USD,1996-03-17,16000,B+,desertmozzarella@outlook.com,Delux Machineries,Supply Chain,Sr. Supply Chain Manager
9,Rita,Sanchez,Female,CN,+1-204-109-2294,USD,1997-06-05,15000,AB+,storybeautiful@live.com,Integrity Automotive,Training and Development,Training Assistant
10,Helen,Hayes,Female,DK,+1-800-654-3946,USD,1995-06-15,17000,AB+,xrhythm@outlook.com,Transcend Group,Training and Development,Training Assistant
11,Emily,Reed,Female,DK,+1-513-339-7332,USD,2006-05-14,19000,B-,mewpoetry@hotmail.com,Innate Solutions,Quality Assurance,Sr. QA Analyst
12,Todd,Phillips,Male,RU,+1-278-233-5192,USD,1994-07-21,19000,B-,a2zfindme@gmail.com,Majestic Services,Public Relations,Director of PR
13,Holly,Sanders,Female,IN,+1-192-942-3948,USD,1992-08-23,20000,O-,desertstory@outlook.com,Purity Consulting,Research and Development,VP of R&D
14,Holly,Wood,Female,UK,+44-7917-749-102,GBP,1996-05-04,20000,A+,1996findme@live.com,Insight Networks,Data Science,Director of Data Science
15,Scott,Rivera,Male,ZA,+1-683-316-3684,USD,1990-03-10,10000,O+,1010findme@live.com,Illuminate Solutions,Quality Assurance,QA Analyst
16,Martha,Rivera,Female,SE,+1-905-231-2332,USD,1986-05-07,16000,B-,beautifulxoxo@yahoo.com,Global Woodworks,Quality Assurance,Lead QA Engineer
17,Debra,Butler,Female,KR,+1-186-807-6244,USD,1983-01-30,20000,B+,rhythmheaven@live.com,Superior Concepts,Research and Development,Research Associate
18,April,Johnson,Female,SE,+1-441-054-1548,USD,1981-04-04,19000,O-,oceanfindme@yahoo.com,Virtue Networks,Supply Chain,VP of Supply Chain
19,Louis,Young,Male,UK,+44-7547-068-002,GBP,1989-03-03,11000,O+,deserta2z@live.com,Radiant Ventures,Supply Chain,Supply Chain Assistant
20,Lisa,Morris,Female,CN,+1-079-718-9961,USD,1987-06-22,19000,AB-,worklighthouse@yahoo.com,Vanguard Ventures,Finance,Sr. Accountant
21,Emily,Thompson,Female,CA,+1-493-863-8937,USD,1998-04-15,15000,B+,sunshineglasswall@live.com,Stellar Enterprises,Engineering,Asst. Director
22,Ernest,Smith,Male,FI,+1-384-997-2715,USD,1983-04-14,12000,O+,lovex@hotmail.com,Evolve Innovations,Product Management,Director of Product Management
23,Grace,Adams,Female,DK,+1-127-465-9528,USD,1987-09-02,12000,O+,rockwater@yahoo.com,Techno Group,Customer Service,Customer Service Coordinator
24,Gary,Myers,Male,MX,+1-860-378-6399,USD,1995-09-25,18000,AB-,beautifulpoetry@gmail.com,Quantum Pharmaceuticals,Customer Service,VP of Customer Service
25,Nicholas,Morgan,Male,UK,+44-7149-895-485,GBP,1986-12-15,13000,A+,silkocean@outlook.com,Evolve Group,Quality Assurance,QA Analyst
26,Joseph,Taylor,Male,IN,+1-078-404-5608,USD,1988-06-30,15000,O+,operafindme@live.com,Techno Group,Facilities Management,Director of Facilities Management
27,Thomas,Butler,Male,US,+1-402-112-7793,USD,1983-04-11,11000,AB+,mewstory@hotmail.com,Profound Networks,Finance,Jr. Accountant
28,Connie,Long,Female,ZA,+1-927-090-9194,USD,1987-09-02,14000,A-,rockwork@yahoo.com,Vibrant Solutions,Finance,Jr. Accountant
29,Walter,Washington,Male,FR,+1-481-512-4531,USD,2003-02-08,10000,AB+,sunshineglasswall@outlook.com,Premium Consulting,Accounts,Accountant
30,Barbara,Gonzales,Female,DE,+1-434-004-9724,USD,1982-01-01,14000,AB-,lighthousemozzarella@yahoo.com,Prosper Group,Training and Development,Training Manager
31,Karen,Hamilton,Female,IN,+1-131-051-9104,USD,2002-05-18,15000,O+,glasswallrock@live.com,Innovation Innovations,Quality Assurance,QA Engineer
32,Ashley,Cooper,Female,BR,+1-208-758-4759,USD,1997-09-29,11000,AB+,workglasswall@live.com,Radiant Solutions,Customer Service,Customer Service Coordinator
33,Sarah,Jackson,Female,FI,+1-595-788-6975,USD,1992-01-03,11000,B+,oceanpoetry@live.com,Precision Industries,Facilities Management,Facilities Manager
34,Albert,Campbell,Male,UK,+44-7456-289-469,GBP,1993-02-09,13000,B+,rhythmx@hotmail.com,Ultimate Innovations,Marketing,AVP
35,Diane,Hughes,Female,RU,+1-084-157-0707,USD,1986-12-26,16000,AB-,desertglasswall@hotmail.com,Luminous Solutions,Operations,Operations Manager
36,Dorothy,James,Female,AU,+1-002-724-9512,USD,2000-11-16,11000,A-,xrhythm@outlook.com,Effulgent Innovations,Product Management,Sr. Product Manager
37,Benjamin,Powell,Male,DE,+1-938-112-4348,USD,2002-12-03,11000,AB+,abcmozzarella@hotmail.com,Synergistic Labs,Customer Service,Customer Service Coordinator
38,Jeffrey,Robinson,Male,AU,+1-023-126-3002,USD,2002-08-28,14000,B-,1010glasswall@live.com,Secure Concepts,Accounts,Sr. Controller
39,Teresa,Harris,Female,MX,+1-370-041-8943,USD,1983-05-15,14000,A-,uniwater@outlook.com,Transcend Ventures,HR,Jr. HR Executive
40,Lawrence,Brown,Male,IN,+1-308-408-8645,USD,2000-04-13,20000,O-,80srock@outlook.com,Supreme Automotive,Operations,Operations Supervisor
41,Amy,Foster,Female,JP,+1-770-674-7226,USD,1988-12-12,20000,O+,norwesterstory@live.com,Equilibrium Machineries,Marketing,Jr. Executive
42,Martin,Nelson,Male,CN,+1-457-565-7092,USD,1988-02-26,11000,A-,uniglasswall@hotmail.com,Supreme Glass,Marketing,VP
43,Robin,Harris,Female,CN,+1-677-727-5965,USD,1990-07-23,13000,B+,xoxox@live.com,Splendid Pharmaceuticals,Business Development,Business Development Manager
44,Matthew,Hughes,Male,MX,+1-088-844-3980,USD,1995-03-30,19000,O+,silkdesert@hotmail.com,Zenith Metal,Accounts,Sr. Accountant
45,Debra,Bryant,Female,RU,+1-155-621-8286,USD,1998-10-19,15000,A+,1996story@gmail.com,Precision Industries,Health and Safety,VP of Health and Safety
46,John,Hayes,Male,PL,+1-874-769-3608,USD,1989-06-18,11000,AB+,uniheaven@gmail.com,Innovation Concepts,Product Management,Director of Product Management
47,Rebecca,Simmons,Female,NO,+1-909-322-2586,USD,2003-10-02,16000,O+,mozzarellaocean@gmail.com,Luminous Innovations,Engineering,Deputy Engineer
48,Gregory,Turner,Male,IT,+1-481-205-1928,USD,1982-02-20,14000,AB+,opera1010@live.com,Synergy Innovations,Finance,Asst. Controller
49,Adam,Peterson,Male,ZA,+1-145-035-2939,USD,1980-12-27,12000,O+,lighthouserock@gmail.com,Stellar Group,Health and Safety,Safety Officer
50,Amanda,Reed,Female,IN,+1-626-441-3648,USD,2005-02-16,12000,A+,1996ocean@outlook.com,Rhapsody Metal,Training and Development,Training Specialist
51,Pauline,Wood,Female,DE,+1-435-834-2408,USD,1997-03-25,11000,O+,lighthouse80s@yahoo.com,Vanguard Woodworks,Business Development,Business Development Executive
52,Susan,Scott,Female,BR,+1-845-881-0342,USD,2005-08-07,17000,A+,findmesunshine@live.com,Horizon Concepts,Sales,Sales Representative
53,Johnny,Lopez,Male,DE,+1-864-150-2147,USD,1991-07-26,10000,A-,rhythmabc@hotmail.com,Horizon Dynamics,Marketing,CMO
54,Jessica,Butler,Female,NO,+1-709-250-8456,USD,1999-09-21,18000,AB-,80slighthouse@gmail.com,Luminous Chemical,HR,Sr. HR Executive
55,Margaret,Campbell,Female,MX,+1-793-565-8479,USD,1988-02-08,18000,AB-,lovewater@gmail.com,Efficiency Industries,Public Relations,Sr. PR Manager
56,Kathryn,Evans,Female,CA,+1-737-723-3129,USD,1987-12-06,11000,AB-,lighthouseuni@hotmail.com,Insight Ventures,IT,Director of IT
57,Aaron,Howard,Male,IN,+1-201-973-9248,USD,2002-06-27,16000,AB-,desert1996@outlook.com,Splendid Innovations,HR,HR Manager
58,Jimmy,Garcia,Male,CA,+1-897-699-4185,USD,1984-08-03,16000,AB+,xoxouni@hotmail.com,Delux Dynamics,Research and Development,Director of Research and Development
59,Jimmy,Kelly,Male,KR,+1-204-428-3780,USD,1992-11-26,12000,O+,silk80s@live.com,Premium Mechanics,Operations,Operations Supervisor
60,Jimmy,Davis,Male,NO,+1-037-766-2650,USD,1995-07-10,20000,O+,xoxonorwester@outlook.com,Forge Enterprises,Product Management,Product Coordinator
61,Donald,Rogers,Male,ZA,+1-656-925-0523,USD,2002-03-14,15000,O-,xrock@yahoo.com,Invincible Group,HR,VP of HR
62,Norma,Roberts,Female,ZA,+1-376-106-6053,USD,1981-12-23,19000,B+,glasswallsunshine@live.com,Accelerate Consulting,Marketing,AVP
63,Ann,Martinez,Female,DE,+1-592-349-6715,USD,2003-10-26,17000,AB+,mozzarellaheaven@gmail.com,Harmony Group,Procurement,VP of Procurement
64,Charles,Wood,Male,FR,+1-524-261-8514,USD,1985-06-18,11000,AB-,1010abc@outlook.com,Eclipse Automotive,Product Management,Product Assistant
65,Matthew,Baker,Male,ZA,+1-745-912-8083,USD,1998-07-01,15000,B+,a2zpoetry@gmail.com,Precision Labs,Research and Development,Sr. Research Scientist
66,Jerry,Butler,Male,CA,+1-028-011-2380,USD,1983-08-03,17000,O+,a2zfire@outlook.com,Majestic Labs,Legal,Sr. Legal Counsel
67,Earl,Barnes,Male,IN,+1-786-092-2290,USD,1999-02-06,16000,O+,poetrysunshine@outlook.com,Synergistic Enterprises,Engineering,Superintending Engineer
68,Janet,Turner,Female,FI,+1-854-403-6400,USD,1982-12-23,15000,AB-,tulipwater@yahoo.com,Innate Services,Legal,VP of Legal
69,Paula,Adams,Female,IN,+1-746-794-2105,USD,1995-04-18,13000,A+,workwater@outlook.com,Triumph Chemical,Training and Development,Director of Training and Development
70,Donald,Morris,Male,FI,+1-718-308-2174,USD,1990-05-31,19000,A+,1996rock@live.com,Stellar Pharmaceuticals,Supply Chain,Supply Chain Coordinator
71,Doris,Myers,Female,JP,+1-888-945-7434,USD,1980-09-10,12000,O+,lighthouse1996@outlook.com,Transcend Metal,Quality Assurance,VP of Quality Assurance
72,Brenda,King,Female,MX,+1-950-712-5318,USD,1991-05-17,16000,O-,1010lighthouse@yahoo.com,Harmonic Pharmaceuticals,IT,Lead Developer
73,Russell,Kelly,Male,AU,+1-090-467-1918,USD,2003-04-06,11000,A-,xsunshine@yahoo.com,Harmonic Group,Business Development,Business Development Representative
74,Renee,Ramirez,Female,FI,+1-785-905-6114,USD,1996-12-23,12000,AB+,xglasswall@hotmail.com,Luminous Metal,HR,VP of HR
75,Charles,Wright,Male,IN,+1-107-089-4454,USD,1983-09-04,14000,AB+,abcmew@hotmail.com,Noble Services,Operations,Director of Operations
76,Pamela,Long,Female,KR,+1-864-686-9952,USD,1989-03-20,19000,B-,a2zsunshine@gmail.com,Synergy Dynamics,Marketing,Asst. Manager
77,Jason,Adams,Male,MX,+1-971-386-6484,USD,2000-04-17,10000,O+,workpoetry@hotmail.com,Paragon Solutions,Business Development,Sr. Business Development Manager
78,Clarence,Smith,Male,NO,+1-216-524-1497,USD,1989-05-16,18000,AB-,xoxodesert@yahoo.com,Harmony Solutions,Training and Development,Training Coordinator
79,Gloria,Butler,Female,SE,+1-565-138-9259,USD,1986-01-04,17000,A-,xbeautiful@gmail.com,Techno Solutions,Finance,Sr. Controller
80,Albert,Murphy,Male,BR,+1-573-272-7199,USD,1983-07-23,17000,A-,a2zlove@yahoo.com,Supreme Automotive,Operations,Sr. Operations Manager
81,Justin,Kelly,Male,MX,+1-380-340-4215,USD,1981-01-25,16000,AB+,rockxoxo@hotmail.com,Synergy Networks,Sales,Sales Associate
82,Robert,Howard,Male,BR,+1-291-811-5721,USD,2002-07-20,16000,B+,a2zlove@live.com,Transcend Solutions,Engineering,VP
83,Evelyn,Murphy,Female,MX,+1-444-064-0391,USD,1980-07-24,14000,AB+,mozzarellaglasswall@gmail.com,Stellar Solutions,Facilities Management,Facilities Coordinator
84,Betty,Coleman,Female,CN,+1-938-712-5494,USD,1992-06-23,17000,B-,waterbeautiful@gmail.com,Vibrant Consulting,Training and Development,Sr. Training Manager
85,Steven,Turner,Male,US,+1-786-389-4499,USD,2001-08-09,11000,B+,80sfindme@live.com,Catalyst Consulting,Public Relations,PR Coordinator
86,Stephanie,Sanders,Female,SE,+1-347-533-4692,USD,1985-01-27,17000,O-,80smew@gmail.com,Elite Mechanics,IT,Developer
87,Ruby,Ford,Female,CA,+1-707-716-6964,USD,1982-02-04,15000,B-,desertuni@outlook.com,Accelerate Solutions,HR,Sr. HR Executive
88,Nancy,Mitchell,Female,ES,+1-320-643-9247,USD,1988-06-25,14000,O+,desert1010@hotmail.com,Efficiency Labs,Research and Development,Director of Research and Development
89,Gloria,Powell,Female,CN,+1-070-099-0979,USD,2006-10-24,12000,A+,norwesterfindme@live.com,Harmony Industries,Quality Assurance,QA Tester
90,Rebecca,Hernandez,Female,CN,+1-965-646-0094,USD,1993-06-23,11000,O-,xglasswall@hotmail.com,Zenith Innovations,Operations,VP of Operations
91,Laura,Ramirez,Female,BR,+1-534-174-2618,USD,1991-12-17,15000,B-,operaheaven@live.com,Zen Machineries,Marketing,Sr. Manager
92,Ralph,Wood,Male,IN,+1-004-179-0929,USD,1996-04-17,18000,A+,80sglasswall@hotmail.com,Radiant Labs,Data Science,Data Scientist
93,Gloria,Thompson,Female,ES,+1-143-339-5750,USD,1985-05-26,10000,O+,mozzarellasilk@hotmail.com,Evolve Systems,Supply Chain,Director of Supply Chain
94,Craig,Brooks,Male,NO,+1-956-514-4239,USD,1999-11-28,13000,O-,storydesert@outlook.com,Spectrum Concepts,Research and Development,VP of R&D
95,Jack,Thompson,Male,ZA,+1-464-785-0108,USD,2005-03-27,12000,A-,xbeautiful@hotmail.com,Elite Dynamics,IT,Lead Developer
96,Connie,Hamilton,Female,US,+1-252-716-7657,USD,2001-10-31,15000,A-,mozzarellaheaven@yahoo.com,Evolve Services,Health and Safety,VP of Health and Safety
97,Renee,Gonzales,Female,SE,+1-825-461-3611,USD,1995-12-03,16000,A-,a2zfire@yahoo.com,Stellar Mechanics,Engineering,Deputy Engineer
98,Melissa,Alexander,Female,DK,+1-060-202-2358,USD,1995-01-05,14000,B+,glasswalltulip@hotmail.com,Innate Solutions,Business Development,Business Development Representative
99,Teresa,Carter,Female,SE,+1-381-654-8497,USD,1985-03-27,17000,AB+,silkx@yahoo.com,Horizon Innovations,Public Relations,VP of PR
100,Arthur,Collins,Male,UK,+44-7932-370-547,GBP,1993-11-19,12000,AB-,beautifulglasswall@gmail.com,Purity Glass,Sales,Account Manager
